{"cameraMode":{"drawMode":0,"name":"Shaded","section":"Shading Mode"},"sceneLighting":false,"audioPlay":false,"sceneViewState":{"showFog":true,"showMaterialUpdate":true,"showSkybox":false,"showFlares":true,"showImageEffects":true,"showParticleSystems":true},"in2DMode":false,"pivot":{"x":272.6997375488281,"y":153.5,"z":-0.010258734226226807},"rotation":{"x":0.23959462344646455,"y":0.6783259510993958,"z":-0.2509263753890991,"w":0.6476932168006897},"size":313.6754150390625,"orthographic":false}